X,Y,Name,description
9.594159,45.312171,Abbadia Cerreto,
9.334142,45.900483,Abbadia Lariana,
8.918542,45.400767,Abbiategrasso,
10.414677,45.307378,Acquafredda,
9.890868,45.17037,Acquanegra Cremonese,
10.43468,45.162475,Acquanegra sul Chiese,
9.94896,45.702284,Adrara San Martino,
9.95906,45.715784,Adrara San Rocco,
9.962661,45.617882,Adro,
9.557056,45.444374,Agnadello,
10.35267,45.649686,Agnosine,
8.768327,46.036681,Agra,
9.351449,45.577775,Agrate Brianza,
9.414949,45.639977,Aicurzio,
9.424247,45.75388,Airuno,
8.889846,45.169861,Alagna,
8.937442,45.419567,Albairate,
9.770656,45.686482,Albano Sant'Alessandro,
9.242955,45.106663,Albaredo Arnaboldi,
9.590044,46.10349,Albaredo per San Marco,
9.185041,45.800379,Albavilla,
9.16364,45.794879,Albese con Cassano,
9.256145,45.657076,Albiate,
9.796355,45.763784,Albino,
8.939235,45.805577,Albiolo,
8.801634,45.729174,Albizzate,
8.70664,45.292262,Albonese,
9.854049,46.147494,Albosaggia,
9.272754,45.187665,Albuzzano,
10.148172,45.266975,Alfianello,
9.722152,45.826185,Algua,
9.614151,45.735981,Alme,
9.582251,45.742681,Almenno San Bartolomeo,
9.596251,45.750182,Almenno San Salvatore,
9.200142,45.778879,Alserio,
9.728654,45.733382,Alzano Lombardo,
9.182041,45.769778,Alzate Brianza,
9.55015,45.71958,Ambivere,
9.473841,46.13599,Andalo Valtellino,
10.493771,45.76639,Anfo,
8.590028,45.777373,Angera,
10.147761,45.89139,Angolo Terme,
9.879466,45.244572,Annicco,
9.330444,45.802881,Annone di Brianza,
9.79146,45.486477,Antegnate,
9.195442,45.768478,Anzano del Parco,
8.978737,45.737576,Appiano Gentile,
10.151656,46.152697,Aprica,
9.614054,45.575577,Arcene,
8.868233,45.855778,Arcisate,
8.848538,45.54197,Arconate,
9.325547,45.626676,Arcore,
9.644944,46.164292,Ardenno,
9.931155,45.937489,Ardesio,
9.362458,45.096664,Arena Po,
9.076543,45.552272,Arese,
9.125637,45.942982,Argegno,
8.941541,45.50507,Arluno,
9.208043,45.716977,Arosio,
8.734633,45.688372,Arsago Seprio,
10.160962,45.849889,Artogne,
9.564155,45.481375,Arzago d'Adda,
10.413579,45.221076,Asola,
9.125647,45.408869,Assago,
9.269642,45.860581,Asso,
9.630547,45.988288,Averara,
9.771454,45.797584,Aviatico,
9.919666,45.313974,Azzanello,
10.117168,45.454579,Azzano Mella,
9.673054,45.65798,Azzano San Paolo,
8.793133,45.780375,Azzate,
8.708529,45.884677,Azzio,
10.111758,45.978892,Azzone,
9.46866,45.120865,Badia Pavese,
9.122557,44.827255,Bagnaria,
9.781057,45.660881,Bagnatica,
9.612958,45.361172,Bagnolo Cremasco,
10.18437,45.429079,Bagnolo Mella,
10.875391,45.089677,Bagnolo San Vito,
10.459469,45.825191,Bagolino,
9.423444,45.898184,Ballabio,
9.117244,45.527172,Baranzate,
8.756831,45.840476,Barasso,
10.054367,45.405077,Barbariga,
9.77736,45.474977,Barbata,
9.205155,45.076662,Barbianello,
8.696829,45.835975,Bardello,
8.999943,45.48767,Bareggio,
10.41217,45.681887,Barghe,
9.703658,45.512577,Bariano,
9.129742,45.654275,Barlassina,
9.26514,45.911283,Barni,
9.314244,45.755479,Barzago,
9.56735,45.735581,Barzana,
9.313045,45.735479,Barzano,
9.4666667,45.95,Barzio,
9.313453,45.308268,Bascape,
9.463251,45.582476,Basiano,
9.158548,45.359168,Basiglio,
10.12837,45.327176,Bassano Bresciano,
8.921549,45.039758,Bastida de' Dossi,
9.085152,45.086061,Bastida Pancarana,
9.078048,45.274665,Battuda,
8.79553,45.910878,Bedero Valcuvia,
10.423274,45.510383,Bedizzole,
9.551649,45.791382,Bedulita,
9.313756,45.158565,Belgioioso,
9.26198959350586,45.9874504092408,Bellagio,
9.306139,46.043286,Bellano,
9.445951,45.542075,Bellinzago Lombardo,
9.419049,45.619577,Bellusco,
9.564143,46.10819,Bema,
9.184136,46.028985,Bene Lario,
9.571049,45.814783,Berbenno,
9.745146,46.167793,Berbenno di Valtellina,
8.944136,45.780676,Beregazzo con Figliaro,
9.027347,45.257064,Bereguardo,
9.668953,45.697981,Bergamo,
10.043665,45.50298,Berlingo,
9.405049,45.647777,Bernareggio,
8.817639,45.477368,Bernate Ticino,
9.668062,45.23307,Bertonico,
10.3166667,46.1,Berzo Demo,
10.279663,45.930992,Berzo Inferiore,
9.903158,45.719384,Berzo San Fermo,
9.285945,45.703778,Besana in Brianza,
8.891033,45.888979,Besano,
8.969645,45.312965,Besate,
8.767734,45.697673,Besnate,
8.669228,45.851976,Besozzo,
8.71003,45.815075,Biandronno,
9.918158,45.773085,Bianzano,
10.109354,46.188197,Bianzone,
9.270446,45.629876,Biassono,
10.293363,45.935793,Bienno,
10.92499,45.20258,Bigarello,
8.922335,45.782176,Binago,
9.099048,45.331867,Binasco,
10.338869,45.672786,Bione,
8.868432,45.871478,Bisuschio,
8.942735,45.834278,Bizzarone,
9.571049,45.837784,Blello,
9.097536,45.959082,Blessagno,
9.105138,45.842179,Blevio,
8.750831,45.788675,Bodio Lomnago,
9.494156,45.359771,Boffalora d'Adda,
8.838539,45.467868,Boffalora sopra Ticino,
9.812858,45.635081,Bolgare,
9.120544,45.546472,Bollate,
9.578453,45.600878,Boltiere,
9.559751,45.68338,Bonate Sopra,
9.558652,45.668179,Bonate Sotto,
10.077473,45.11367,Bonemerse,
9.987268,45.292274,Bordolano,
9.14055,45.240665,Borgarello,
9.499259,45.214768,Borghetto Lodigiano,
9.890958,45.720784,Borgo di Terzo,
9.147955,44.966858,Borgo Priolo,
9.968467,45.346975,Borgo San Giacomo,
9.434956,45.277869,Borgo San Giovanni,
8.913345,45.235063,Borgo San Siro,
10.749289,45.051275,Borgoforte,
11.2093,45.046579,Borgofranco sul Po,
9.193257,44.930658,Borgoratto Mormorolo,
10.24107,45.480781,Borgosatollo,
10.372055,46.468407,Bormio,
9.217951,45.266566,Bornasco,
10.197861,45.945392,Borno,
9.290743,45.80228,Bosisio Parini,
9.358758,45.064463,Bosnasco,
10.045059,45.828388,Bossico,
9.506451,45.639878,Bottanuco,
10.301871,45.535983,Botticino,
10.273865,45.793289,Bovegno,
10.241268,45.591484,Bovezzo,
9.155644,45.609974,Bovisio-Masciago,
10.483982,45.102474,Bozzolo,
9.708752,45.823585,Bracca,
9.282362,44.738654,Brallo di Pregola,
10.052666,45.454178,Brandico,
9.75935,46.002489,Branzi,
10.342563,45.990794,Braone,
8.646228,45.827275,Brebbia,
8.687729,45.825775,Bregano,
9.05,45.7166667,Bregnano,
9.556553,45.604778,Brembate,
9.579451,45.716681,Brembate di Sopra,
9.595849,45.822183,Brembilla,
9.57146,45.214568,Brembio,
8.625641,45.127557,Breme,
9.187142,45.742978,Brenna,
10.304763,45.957793,Breno,
8.683728,45.894177,Brenta,
10.227269,45.524782,Brescia,
9.132653,45.078861,Bressana Bottarone,
9.197546,45.537873,Bresso,
8.717427,45.978379,Brezzo di Bedero,
9.130237,45.909181,Brienno,
9.647656,45.546577,Brignano Gera d'Adda,
8.78963,45.889378,Brinzio,
10.148465,45.642284,Brione,
9.240644,45.710077,Briosco,
8.746128,45.948579,Brissago-Valtravaglia,
9.426847,45.73918,Brivio,
9.262256,45.065462,Broni,
9.294048,45.557274,Brugherio,
9.500547,45.855083,Brumano,
9.094338,45.820979,Brunate,
8.795333,45.764975,Brunello,
9.761356,45.671381,Brusaporto,
8.8833333,45.9333333,Brusimpiano,
9.014546,45.327266,Bubbiano,
9.10697937011719,45.4171299468601,Buccinasco,
9.674844,46.182693,Buglio in Monte,
8.810633,45.782275,Buguggiate,
9.285344,45.750579,Bulciago,
9.006438,45.747076,Bulgarograsso,
9.381649,45.596476,Burago di Molgora,
8.812037,45.545969,Buscate,
9.46375,45.616477,Busnago,
9.37205,45.534074,Bussero,
8.842737,45.612171,Busto Arsizio,
8.885639,45.54767,Busto Garolfo,
10.277477,45.119572,Ca' d'Andrea,
9.173743,45.674176,Cabiate,
8.84343,45.95948,Cadegliano-Viconago,
9.037839,45.727276,Cadorago,
8.643329,45.799274,Cadrezzate,
9.238841,45.872381,Caglio,
8.917335,45.811077,Cagno,
10.313169,45.609385,Caino,
9.814548,46.149994,Caiolo,
8.869436,45.689273,Cairate,
9.799258,45.62028,Calcinate,
10.413574,45.457182,Calcinato,
9.851261,45.509478,Calcio,
9.412547,45.724179,Calco,
9.437646,45.795381,Calolziocorte,
9.472649,45.691379,Calusco d'Adda,
10.441674,45.533384,Calvagese della Riviera,
10.441281,45.128574,Calvatone,
9.601356,45.496775,Calvenzano,
9.168756,44.983059,Calvignano,
9.027746,45.325966,Calvignasco,
10.344975,45.348179,Calvisano,
9.727464,45.205269,Camairago,
9.42425,45.572076,Cambiago,
9.656349,45.898686,Camerata Cornello,
9.74576,45.443275,Camisano,
9.669459,45.398474,Campagnola Cremasca,
9.319646,45.655977,Camparada,
8.971033,45.968081,Campione d'Italia,
9.351933,46.404196,Campodolcino,
9.244455,45.095462,Campospinoso,
8.59484,45.178758,Candia Lomellina,
8.928439,45.569271,Canegrate,
9.277659,44.938359,Canevino,
9.278757,45.050462,Canneto Pavese,
10.380879,45.152674,Canneto sull'Oglio,
9.541653,45.575677,Canonica d'Adda,
8.895934,45.822477,Cantello,
9.140541,45.729377,Cantu,
9.277242,45.849481,Canzo,
9.64336,45.337572,Capergnanica,
9.12764,45.768978,Capiago Intimiano,
9.56775,45.784482,Capizzone,
10.345862,46.030996,Capo di Ponte,
9.375849,45.566475,Caponago,
10.544472,45.75339,Capovalle,
9.838265,45.246571,Cappella Cantone,
10.229976,45.158573,Cappella de' Picenardi,
9.643258,45.444075,Capralba,
10.132268,45.47478,Capriano del Colle,
9.528752,45.612578,Capriate San Gervasio,
9.481748,45.74528,Caprino Bergamasco,
9.93236,45.635282,Capriolo,
9.235944,45.673676,Carate Brianza,
9.122138,45.87178,Carate Urio,
9.640456,45.498876,Caravaggio,
8.657928,45.878876,Caravate,
9.06155,45.165662,Carbonara al Ticino,
11.2328,45.036579,Carbonara di Po,
8.938138,45.685074,Carbonate,
8.769335,45.648871,Cardano al Campo,
9.462047,45.803482,Carenno,
9.110641,45.702976,Carimate,
9.159535,46.048085,Carlazzo,
8.834235,45.722074,Carnago,
9.376948,45.651577,Carnate,
9.829158,45.665182,Carobbio degli Angeli,
9.78285,46.02139,Carona,
9.046342,45.597773,Caronno Pertusella,
8.831734,45.735774,Caronno Varesino,
10.431277,45.36448,Carpenedolo,
9.272751,45.340869,Carpiano,
9.343749,45.549774,Carugate,
9.196843,45.708477,Carugo,
9.482249,45.703779,Carvico,
9.961668,45.251873,Casalbuttano ed Uniti,
9.714159,45.431875,Casale Cremasco-Vidolasco,
8.741332,45.767874,Casale Litta,
9.617559,45.318071,Casaletto Ceredano,
9.782561,45.419175,Casaletto di Sopra,
9.361954,45.293568,Casaletto Lodigiano,
9.628758,45.408174,Casaletto Vaprio,
10.418883,44.993871,Casalmaggiore,
9.374353,45.35387,Casalmaiocco,
9.899666,45.286373,Casalmorano,
10.404478,45.259577,Casalmoro,
10.474379,45.254777,Casaloldo,
9.649063,45.176868,Casalpusterlengo,
10.369378,45.200675,Casalromano,
8.708828,45.905077,Casalzuigno,
9.213455,45.094462,Casanova Lonati,
9.385341,46.036487,Casargo,
9.105248,45.317767,Casarile,
9.075736,45.943682,Casasco d'Intelvi,
9.311646,45.696378,Casatenovo,
9.131954,45.04906,Casatisma,
9.907258,45.749184,Casazza,
8.783331,45.832476,Casciago,
8.92675,45.007557,Casei Gerola,
9.795567,45.102568,Caselle Landi,
9.359454,45.280568,Caselle Lurani,
9.566255,45.496775,Casirate d'Adda,
9.231441,45.83868,Caslino d'Erba,
9.072639,45.756277,Casnate con Bernate,
9.868556,45.815986,Casnigo,
9.016846,45.312366,Casorate Primo,
8.743434,45.670972,Casorate Sempione,
8.90154,45.52437,Casorezzo,
9.862847,46.263497,Caspoggio,
9.293444,45.738079,Cassago Brianza,
9.513953,45.523575,Cassano d'Adda,
8.826735,45.669173,Cassano Magnago,
8.768429,45.932378,Cassano Valcuvia,
9.612147,45.966787,Cassiglio,
9.35975,45.516374,Cassina de' Pecchi,
9.024538,45.752276,Cassina Rizzardi,
9.478945,45.932085,Cassina Valsassina,
8.906042,45.422467,Cassinetta di Lugagnano,
8.808641,45.361165,Cassolnovo,
9.272457,45.026761,Castana,
8.775436,45.553569,Castano Primo,
9.122354,45.010059,Casteggio,
10.113966,45.560182,Castegnato,
10.974492,45.18798,Castel d'Ario,
9.716459,45.468276,Castel Gabbiano,
10.475379,45.298578,Castel Goffredo,
10.146668,45.507381,Castel Mella,
9.619855,45.552277,Castel Rozzone,
10.89249,45.21208,Castelbelforte,
9.945963,45.501979,Castelcovati,
10.406281,45.069472,Casteldidone,
8.901138,45.612372,Castellanza,
9.761663,45.293872,Castelleone,
9.098452,45.06936,Castelletto di Branduzzo,
9.90286,45.633582,Castelli Calepio,
8.75763,45.893577,Castello Cabiaglio,
8.68714,45.234561,Castello d'Agogna,
10.013553,46.145995,Castello dell'Acqua,
9.345345,45.75928,Castello di Brianza,
10.648485,45.147276,Castellucchio,
9.233041,45.83238,Castelmarte,
8.611838,45.25476,Castelnovetto,
9.863668,45.110868,Castelnuovo Bocca d'Adda,
8.943536,45.764576,Castelnuovo Bozzente,
8.862635,45.715974,Castelseprio,
8.666327,45.947978,Castelveccana,
9.99557,45.188771,Castelverde,
9.941067,45.305374,Castelvisconti,
10.295672,45.469481,Castenedolo,
9.694163,45.218869,Castiglione d'Adda,
9.090636,45.955082,Castiglione d'Intelvi,
10.485277,45.390581,Castiglione delle Stiviere,
8.874535,45.753175,Castiglione Olona,
9.800247,46.172794,Castione Andevenno,
10.063558,45.91439,Castione della Presolana,
9.404556,45.257268,Castiraga Vidardo,
10.321168,45.694887,Casto,
9.980864,45.511279,Castrezzato,
10.06706,45.802987,Castro,
8.812834,45.745674,Castronno,
9.106851,45.140162,Cava Manara,
9.741864,45.189769,Cavacurta,
9.032837,45.809578,Cavallasca,
9.111234,46.090086,Cavargna,
8.801434,45.693373,Cavaria con Premezzo,
9.60106,45.28447,Cavenago d'Adda,
9.41445,45.584076,Cavenago di Brianza,
9.765557,45.62528,Cavernago,
10.597981,45.347081,Cavriana,
8.734831,45.795875,Cazzago Brabbia,
10.041864,45.593782,Cazzago San Martino,
9.884756,45.812586,Cazzano Sant'Andrea,
9.080356,44.850655,Cecima,
10.349562,46.076697,Cedegolo,
9.767047,46.149293,Cedrasco,
10.221477,45.095271,Cella Dati,
10.180167,45.581983,Cellatica,
9.822157,45.712983,Cenate Sopra,
9.826357,45.698982,Cenate Sotto,
9.825455,45.783285,Cene,
9.088836,45.943282,Cerano d'Intelvi,
9.243152,45.260266,Ceranova,
9.508141,46.158091,Cercino,
10.569581,45.262278,Ceresara,
9.994658,45.867288,Cerete,
8.67244,45.244961,Ceretto Lomellina,
8.772343,45.198261,Cergnago,
9.078342,45.630374,Ceriano Laghetto,
9.08584,45.702876,Cermenate,
9.067037,45.841079,Cernobbio,
9.399248,45.690878,Cernusco Lombardone,
9.322749,45.522874,Cernusco sul Naviglio,
9.339053,45.329969,Cerro al Lambro,
8.950239,45.595272,Cerro Maggiore,
9.1329,45.2542,Certosa di Pavia,
10.325762,46.002595,Cerveno,
9.016151,45.061259,Cervesina,
9.424054,45.373871,Cervignano d'Adda,
9.299543,45.816781,Cesana Brianza,
9.094446,45.442069,Cesano Boscone,
9.152243,45.630375,Cesano Maderno,
9.075742,45.595873,Cesate,
10.351963,46.002595,Ceto,
9.930362,45.535879,Chiari,
9.398636,46.321594,Chiavenna,
9.848647,46.265097,Chiesa in Valmalenco,
9.616459,45.340472,Chieve,
9.527651,45.667579,Chignolo d'Isola,
9.481559,45.148166,Chignolo Po,
9.849458,45.650682,Chiuduno,
9.980952,46.164996,Chiuro,
10.194575,45.164573,Cicognolo,
9.244856,45.032761,Cigognola,
10.189372,45.308676,Cigole,
8.74474,45.310063,Cilavegna,
10.365663,46.024096,Cimbergo,
10.275478,45.085071,Cingia de' Botti,
9.221846,45.557073,Cinisello Balsamo,
9.484541,46.158991,Cino,
9.012539,45.699775,Cirimido,
9.470248,45.74248,Cisano Bergamasco,
9.602554,45.589378,Ciserano,
8.971939,45.658774,Cislago,
8.990243,45.444669,Cisliano,
8.660127,45.896977,Cittiglio,
9.342944,45.828081,Civate,
9.27124,45.940183,Civenna,
9.83096,45.554879,Cividate al Piano,
10.277462,45.942493,Cividate Camuno,
9.560642,46.154191,Civo,
9.0833333,46.0,Claino con Osteno,
8.930834,45.862778,Clivio,
9.949656,45.887088,Clusone,
9.974263,45.564581,Coccaglio,
8.688229,45.862876,Cocquio-Trevisago,
9.056153,44.963558,Codevilla,
9.702164,45.161868,Codogno,
9.078841,45.645974,Cogliate,
10.082757,45.974292,Colere,
9.369839,46.132389,Colico,
9.364345,45.76238,Colle Brianza,
10.210168,45.581183,Collebeato,
10.334266,45.80979,Collio,
9.941362,45.581381,Cologne,
9.708756,45.582079,Cologno al Serio,
9.276348,45.535673,Cologno Monzese,
9.152937,45.957683,Colonno,
9.729346,46.153693,Colorina,
9.337852,45.37977,Colturano,
9.856155,45.817186,Colzate,
8.67623,45.770974,Comabbio,
9.464654,45.440973,Comazzo,
8.74363,45.843276,Comerio,
9.950064,45.471278,Comezzano-Cizzago,
10.543485,45.037873,Commessaggio,
9.087438,45.809978,Como,
9.659755,45.622679,Comun Nuovo,
10.55,45.55,Comune del Manerba del Garda,
10.4833333,45.55,Comune di Polpenazze,
10.216967,45.605184,Concesio,
9.335948,45.589675,Concorezzo,
8.556336,45.332162,Confienza,
9.293337,46.142989,Consiglio di Rumo,
9.322455,45.196266,Copiano,
8.96835,45.061659,Corana,
8.915841,45.471369,Corbetta,
9.170945,45.539573,Cormano,
9.544848,45.830683,Corna Imagna,
9.744052,45.851486,Cornalba,
8.913049,45.042958,Cornale,
9.026143,45.49697,Cornaredo,
9.46735,45.641678,Cornate d'Adda,
9.487957,45.286169,Cornegliano Laudense,
9.759666,45.133468,Corno Giovine,
9.799367,45.136668,Cornovecchio,
9.307546,45.666577,Correzzana,
9.135535,46.047585,Corrido,
9.11539077758789,45.430503420138,Corsico,
10.007869,45.273174,Corte de' Cortesi con Cignone,
10.101872,45.218473,Corte de' Frati,
9.988462,45.629982,Corte Franca,
9.562158,45.313671,Corte Palasio,
10.2333333,46.1666667,Corteno Golgi,
9.384541,46.000286,Cortenova,
9.787859,45.538978,Cortenuova,
9.369357,45.157865,Corteolona,
9.162455,45.01086,Corvino San Quirico,
10.007366,45.443778,Corzano,
9.551643,46.135091,Cosio Valtellino,
9.378857,45.132165,Costa de' Nobili,
9.793957,45.661981,Costa di Mezzate,
9.741653,45.832685,Costa di Serina,
9.277743,45.766979,Costa Masnaga,
9.502148,45.804882,Costa Valle Imagna,
10.098161,45.829888,Costa Volpino,
9.771259,45.500277,Covo,
8.61104,45.192659,Cozzo,
9.379141,46.023286,Crandola Valsassina,
9.93106,45.660582,Credaro,
9.65606,45.303271,Credera Rubbiano,
9.66826,45.358773,Crema,
9.300645,45.738579,Cremella,
8.803329,45.98938,Cremenaga,
9.468645,45.935485,Cremeno,
9.271137,46.086487,Cremia,
10.027972,45.136171,Cremona,
9.638258,45.394673,Cremosano,
9.575158,45.356672,Crespiatica,
8.770432,45.759974,Crosio della Valle,
9.856467,45.158269,Crotta d'Adda,
8.879232,45.914779,Cuasso al Monte,
9.09294,45.739277,Cucciago,
8.815438,45.510869,Cuggiono,
8.81863,45.945679,Cugliate-Fabiasco,
9.834763,45.355774,Cumignano sul Naviglio,
8.80773,45.934279,Cunardo,
9.255653,45.212465,Cura Carpignano,
8.804327,46.060182,Curiglia con Monteviasco,
9.607052,45.68898,Curno,
10.714687,45.152777,Curtatone,
9.037444,45.449969,Cusago,
9.183445,45.553073,Cusano Milanino,
9.152635,46.074886,Cusino,
9.601746,45.990888,Cusio,
8.733329,45.906078,Cuveglio,
8.734129,45.896177,Cuvio,
8.863238,45.56717,Dairago,
9.603953,45.649279,Dalmine,
10.185661,45.893791,Darfo Boario Terme,
8.773432,45.777975,Daverio,
9.600643,46.161292,Dazio,
9.46064,46.13609,Delebio,
10.077468,45.420278,Dello,
10.247977,45.109972,Derovere,
9.304638,46.075987,Dervio,
10.533977,45.467983,Desenzano del Garda,
9.204245,45.620175,Desio,
9.099736,45.943782,Dizzasco,
9.339345,45.76698,Dolzago,
9.333437,46.152889,Domaso,
9.280837,46.131588,Dongo,
9.320038,46.101688,Dorio,
8.952748,45.155961,Dorno,
10.637588,44.953372,Dosolo,
9.696751,45.880286,Dossena,
9.272936,46.163989,Dosso del Liro,
9.541357,45.365272,Dovera,
9.357853,45.37297,Dresano,
8.994836,45.815278,Drezzo,
10.350279,45.142174,Drizzona,
9.430139,46.171791,Dubino,
8.787528,46.018881,Dumenza,
8.737629,45.913978,Duno,
10.329159,46.178199,Edolo,
9.365345,45.78568,Ello,
9.969058,45.792486,Endine Gaiano,
9.873158,45.707783,Entratico,
9.231242,45.80958,Erba,
9.9666667,45.6,Erbusco,
9.452846,45.821582,Erve,
10.250862,45.925692,Esine,
9.33534,45.995485,Esino Lario,
9.269842,45.81808,Eupilio,
9.90605,46.152995,Faedo Valtellino,
9.158939,45.85878,Faggeto Lario,
8.859936,45.669773,Fagnano Olona,
8.964336,45.809677,Faloppio,
9.537853,45.555676,Fara Gera d'Adda,
9.749059,45.495077,Fara Olivana con Sola,
11.353704,44.978978,Felonica,
8.999639,45.701575,Fenegro,
8.754535,45.616171,Ferno,
8.78913,45.932779,Ferrera di Varese,
8.864347,45.115059,Ferrera Erbognone,
9.777862,45.337373,Fiesco,
10.324177,45.231475,Fiesse,
9.131141,45.710476,Figino Serenza,
9.556352,45.637578,Filago,
9.315955,45.177065,Filighera,
9.994057,45.892689,Fino del Monte,
9.047639,45.742876,Fino Mornasco,
9.842755,45.800185,Fiorano al Serio,
10.173469,45.48258,Flero,
9.687764,45.140368,Fombio,
9.801961,45.469877,Fontanella,
10.01856,45.758586,Fonteno,
9.757449,46.04189,Foppolo,
9.660345,46.158592,Forcola,
9.920059,45.690883,Foresto Sparso,
9.769864,45.22207,Formigara,
9.678557,45.497776,Fornovo San Giovanni,
9.185157,44.922258,Fortunago,
8.682044,45.046656,Frascarolo,
9.528447,45.854284,Fuipiano Valle Imagna,
9.749747,46.149493,Fusine,
10.220274,45.216274,Gabbioneta-Binanuova,
10.115673,45.157672,Gadesco-Pieve Delmona,
9.03659820556641,45.4064047834664,Gaggiano,
9.378045,45.816181,Galbiate,
9.445355,45.357971,Galgagnano,
8.790335,45.663972,Gallarate,
8.770432,45.784875,Galliate Lombardo,
8.818846,45.097559,Galliavola,
10.293475,45.255276,Gambara,
8.763346,45.028356,Gambarana,
8.857244,45.264163,Gambolo,
9.946154,45.991091,Gandellino,
9.896456,45.807886,Gandino,
9.888859,45.658882,Gandosso,
9.071743,45.576473,Garbagnate Milanese,
9.301444,45.77338,Garbagnate Monastero,
10.565275,45.624987,Gardone Riviera,
10.186965,45.694186,Gardone Val Trompia,
10.660876,45.68909,Gargnano,
8.923746,45.197362,Garlasco,
9.399645,45.812081,Garlate,
9.249636,46.134088,Garzeno,
10.442573,45.589385,Gavardo,
9.886657,45.755784,Gaverina Terme,
8.71983,45.840076,Gavirate,
10.579383,45.200277,Gazoldo degli Ippoliti,
8.8333333,45.7666667,Gazzada Schianno,
9.829755,45.793385,Gazzaniga,
10.578585,45.064174,Gazzuolo,
8.677028,45.876976,Gemonio,
9.877265,45.332574,Genivolta,
9.347456,45.180665,Genzone,
9.367638,46.17099,Gera Lario,
9.359656,45.206566,Gerenzago,
9.00104,45.639673,Gerenzano,
9.263436,46.135688,Germasino,
8.724027,45.99128,Germignaga,
9.550744,46.060889,Gerola Alta,
9.569548,45.849784,Gerosa,
10.051273,45.09027,Gerre de' Caprioli,
9.437751,45.548375,Gessate,
10.279272,45.401079,Ghedi,
9.759257,45.594779,Ghisalba,
10.174862,45.86559,Gianico,
9.003137,45.801377,Gironico,
9.140749,45.284766,Giussago,
9.211243,45.694077,Giussano,
9.056755,44.897556,Godiasco,
10.672084,45.254879,Goito,
8.666131,45.696772,Golasecca,
9.305959,44.96106,Golferenzo,
9.728563,45.261871,Gombito,
10.820893,44.949773,Gonzaga,
9.365335,46.292293,Gordona,
9.404651,45.531574,Gorgonzola,
8.892037,45.665873,Gorla Maggiore,
8.902638,45.641173,Gorla Minore,
9.822957,45.674082,Gorlago,
9.712754,45.700181,Gorle,
8.859935,45.741575,Gornate-Olona,
9.841554,45.862487,Gorno,
10.272374,45.291876,Gottolengo,
9.454358,45.206467,Graffignana,
9.057838,45.775177,Grandate,
9.212737,46.024885,Grandola ed Uniti,
8.774329,45.949179,Grantola,
9.725655,45.656881,Grassobbio,
9.300937,46.146389,Gravedona,
8.76414,45.327664,Gravellona Lomellina,
9.497252,45.591077,Grezzago,
9.235538,45.995284,Griante,
9.927054,45.96399,Gromo,
9.908358,45.727284,Grone,
10.150773,45.201873,Grontardo,
8.992748,45.178562,Gropello Cairoli,
10.274256,46.297902,Grosio,
10.259756,46.283001,Grosotto,
9.865867,45.19307,Grumello Cremonese ed Uniti,
9.876759,45.637181,Grumello del Monte,
9.019839,45.727576,Guanzate,
9.681365,45.107567,Guardamiglio,
9.000145,45.374067,Gudo Visconti,
10.580481,45.32068,Guidizzolo,
10.157166,45.583583,Gussago,
10.346381,45.01307,Gussola,
10.4833333,45.7333333,Idro,
9.444448,45.705879,Imbersago,
8.735631,45.785775,Inarzo,
10.358759,46.2203,Incudine,
8.836632,45.847977,Induno Olona,
9.451643,45.973986,Introbio,
9.340939,46.081188,Introzzo,
9.217743,45.737178,Inverigo,
9.3833333,45.1833333,Inverno e Monteleone,
8.850739,45.510769,Inveruno,
9.482052,45.540475,Inzago,
10.284566,45.771288,Irma,
10.052763,45.656784,Iseo,
9.74735,45.978589,Isola di Fondra,
10.311077,45.174274,Isola Dovarese,
10.322275,45.308277,Isorella,
8.621428,45.819774,Ispra,
9.75866,45.476776,Isso,
9.750162,45.355973,Izano,
8.795934,45.704673,Jerago con Orago,
9.139049,45.324267,Lacchiarella,
9.141438,45.887681,Laglio,
9.017141,45.575872,Lainate,
9.075435,45.984483,Laino,
9.630053,45.66638,Lallio,
9.239543,45.758779,Lambrugo,
9.260052,45.311968,Landriano,
8.562838,45.214859,Langosco,
9.869247,46.269297,Lanzada,
9.026034,45.983882,Lanzo d'Intelvi,
9.232052,45.235066,Lardirago,
9.266441,45.881982,Lasnigo,
8.865331,45.95908,Lavena Ponte Tresa,
8.619226,45.904376,Laveno-Mombello,
10.43907,45.739689,Lavenone,
9.084241,45.672075,Lazzate,
9.39047813415527,45.8533447031328,Lecco,
9.885456,45.800686,Leffe,
8.620627,45.875876,Leggiuno,
8.907839,45.595971,Legnano,
9.676749,45.942487,Lenna,
9.190838,45.972983,Lenno,
10.216572,45.372478,Leno,
9.117342,45.680676,Lentate sul Seveso,
9.307346,45.648576,Lesmo,
9.624154,45.625179,Levate,
9.188938,45.945183,Lezzeno,
9.30564,45.959484,Lierna,
9.129043,45.596774,Limbiate,
8.979838,45.689174,Limido Comasco,
10.786676,45.807494,Limone sul Garda,
9.269955,45.162364,Linarolo,
9.120239,45.792878,Lipomo,
9.256557,44.99446,Lirio,
9.412552,45.480473,Liscate,
9.246546,45.615575,Lissone,
10.133748,46.534706,Livigno,
9.304136,46.168489,Livo,
9.54646,45.192268,Livraga,
9.22655,45.358169,Locate di Triulzi,
8.931537,45.691474,Locate Varesino,
9.534048,45.835183,Locatello,
9.502857,45.31357,Lodi,
9.417555,45.302369,Lodi Vecchio,
10.277667,45.719687,Lodrino,
10.053266,45.484279,Lograto,
9.376047,45.667978,Lomagna,
9.034339,45.699175,Lomazzo,
8.796245,45.121059,Lomello,
8.878736,45.704774,Lonate Ceppino,
8.754735,45.59677,Lonate Pozzolo,
10.473876,45.464783,Lonato,
10.059667,45.437678,Longhena,
9.251442,45.81428,Longone al Segrino,
10.316163,45.983494,Losine,
10.06896,45.811688,Lovere,
10.228556,46.2314,Lovero,
10.260961,45.985694,Lozio,
8.857734,45.775675,Lozza,
8.749627,46.00118,Luino,
9.035438,45.762877,Luisago,
10.25,45.65,Lumezzane,
9.081353,45.04066,Lungavilla,
9.219742,45.751778,Lurago d'Erba,
8.981338,45.705775,Lurago Marinone,
9.640155,45.565677,Lurano,
9.0,45.7666667,Lurate Caccivio,
8.771931,45.839576,Luvinate,
9.883158,45.716183,Luzzana,
8.737526,46.043481,Maccagno,
9.854568,45.146669,Maccastorna,
9.254845,45.633576,Macherio,
10.042166,45.477779,Maclodio,
9.359532,46.439397,Madesimo,
9.723261,45.345673,Madignano,
9.550152,45.650279,Madone,
10.615973,45.781392,Magasa,
8.88264,45.464568,Magenta,
9.329355,45.223566,Magherno,
11.1811,45.005578,Magnacavallo,
8.806137,45.58077,Magnago,
9.26264,45.920983,Magreglio,
9.57836,45.251769,Mairago,
10.079567,45.449179,Mairano,
10.114774,45.134771,Malagnino,
10.274062,45.950793,Malegno,
9.761465,45.167469,Maleo,
8.675529,45.827875,Malgesso,
9.377044,45.847682,Malgrate,
8.881934,45.790776,Malnate,
10.32066,46.124098,Malonno,
9.319341,45.919183,Mandello del Lario,
10.13517,45.355777,Manerbio,
9.488941,46.152491,Mantello,
10.773788,45.152078,Mantova,
9.555051,45.71438,Mapello,
8.87194,45.483268,Marcallo con Casone,
10.532783,45.120575,Marcaria,
10.212465,45.704286,Marcheno,
8.83343,45.947879,Marchirolo,
9.079349,45.253065,Marcignago,
9.381641,46.030987,Margno,
10.486881,45.192876,Mariana Mantovana,
9.179743,45.692076,Mariano Comense,
10.284666,45.754988,Marmentino,
10.756086,45.219279,Marmirolo,
8.910138,45.625772,Marnate,
10.093762,45.736086,Marone,
10.379782,45.011071,Martignana di Po,
9.767058,45.573079,Martinengo,
9.377155,45.252967,Marudo,
9.295054,45.247967,Marzano,
8.858131,45.938179,Marzio,
9.464151,45.567076,Masate,
8.78113,45.917778,Masciago Primo,
9.05,45.85,Maslianico,
9.490157,45.264969,Massalengo,
10.353872,45.520083,Mazzano,
10.256656,46.2586,Mazzo di Valtellina,
9.159743,45.658175,Meda,
8.735944,45.097858,Mede,
9.331652,45.39537,Mediglia,
9.49565,45.668579,Medolago,
10.513079,45.324279,Medole,
9.323952,45.35877,Melegnano,
9.836968,45.118868,Meleti,
9.547242,46.155291,Mello,
9.425252,45.501274,Melzo,
9.23821449279785,46.0216413922287,Menaggio,
9.361235,46.299293,Menarola,
9.279461,44.796556,Menconico,
9.411648,45.698679,Merate,
8.67133,45.750073,Mercallo,
9.429853,45.433372,Merlino,
9.244042,45.787179,Merone,
9.382335,46.306294,Mese,
8.764529,45.951579,Mesenzana,
8.855439,45.502269,Mesero,
9.44485,45.628977,Mezzago,
8.848447,45.059858,Mezzana Bigli,
9.031251,45.09486,Mezzana Rabattone,
9.208954,45.123963,Mezzanino,
9.205138,45.981684,Mezzegra,
9.665547,46.012589,Mezzoldo,
9.180447,45.476371,Milano,
10.199273,45.273575,Milzano,
9.445558,45.171966,Miradolo Terme,
9.622457,45.470975,Misano di Gera d'Adda,
9.083941,45.662375,Misinto,
9.337046,45.708878,Missaglia,
9.484745,45.933485,Moggio,
10.913395,44.937174,Moglia,
9.700749,45.951788,Moio de' Calvi,
9.307444,45.78038,Molteno,
9.098438,45.85998,Moltrasio,
9.931658,45.763185,Monasterolo del Castello,
9.230242,45.780179,Monguzzo,
10.538076,45.526285,Moniga del Garda,
10.339759,46.2127,Monno,
9.90295,46.178495,Montagna in Valtellina,
9.215457,44.977759,Montalto Pavese,
9.468656,45.33577,Montanaso Lombardo,
9.042438,45.783777,Montano Lucino,
9.571357,45.374572,Monte Cremasco,
10.079862,45.716185,Monte Isola,
9.454647,45.770781,Monte Marenzo,
9.103454,45.000959,Montebello della Battaglia,
9.285358,44.97206,Montecalvo Versiggia,
8.767428,45.97398,Montegrino Valtravaglia,
9.805657,45.672082,Montello,
9.370938,46.17879,Montemezzo,
9.283657,45.031961,Montescano,
9.126356,44.906957,Montesegale,
9.380847,45.705479,Montevecchia,
10.100264,45.634783,Monticelli Brusati,
9.512761,45.111065,Monticelli Pavese,
9.315645,45.709478,Monticello Brianza,
10.390675,45.415181,Montichiari,
10.228771,45.44638,Montirone,
9.707262,45.285171,Montodine,
9.14374,45.786378,Montorfano,
9.315458,45.037062,Montu Beccaria,
8.633328,45.858275,Monvalle,
9.274847,45.582475,Monza,
10.691982,45.386683,Monzambano,
8.828134,45.764475,Morazzone,
9.570043,46.138291,Morbegno,
9.705857,45.531477,Morengo,
8.956644,45.354366,Morimondo,
8.751232,45.745774,Mornago,
9.809259,45.59138,Mornico al Serio,
9.206156,45.01016,Mornico Losana,
8.735541,45.247261,Mortara,
9.482146,45.875584,Morterone,
9.683461,45.292271,Moscazzano,
10.256778,45.056071,Motta Baluffi,
8.994446,45.289065,Motta Visconti,
10.76269,45.033075,Motteggiana,
9.689258,45.476076,Mozzanica,
8.955238,45.672174,Mozzate,
9.6,45.7,Mozzo,
9.226246,45.588374,Muggio,
9.397653,45.372371,Mulazzano,
10.342668,45.713288,Mura,
10.461874,45.562485,Muscoline,
9.274637,46.111188,Musso,
10.289969,45.587484,Nave,
9.762855,45.746283,Nembro,
8.977741,45.556671,Nerviano,
9.156738,45.912382,Nesso,
10.333263,45.975994,Niardo,
9.268944,45.746479,Nibionno,
8.667939,45.285662,Nicorvo,
8.726535,45.550869,Nosate,
9.199545,45.590374,Nova Milanese,
9.449839,46.221592,Novate Mezzola,
9.134745,45.530972,Novate Milanese,
9.120741,45.698076,Novedrate,
9.052146,45.359067,Noviglio,
10.386772,45.545784,Nuvolento,
10.369172,45.532183,Nuvolera,
10.38357,45.645186,Odolo,
9.742361,45.378874,Offanengo,
10.115469,45.386177,Offlaga,
8.816534,45.704273,Oggiona con Santo Stefano,
9.346745,45.79188,Oggiono,
8.716642,45.21376,Olevano di Lomellina,
8.967636,45.785377,Olgiate Comasco,
9.4,45.7333333,Olgiate Molgora,
8.880837,45.622172,Olgiate Olona,
9.415546,45.792681,Olginate,
9.179355,45.00356,Oliva Gessi,
9.28384,45.930983,Oliveto Lario,
10.02227,45.235873,Olmeneta,
9.649048,45.972288,Olmo al Brembo,
9.769252,45.889487,Oltre il Colle,
9.944856,45.915189,Oltressenda Alta,
8.977937,45.755976,Oltrona di San Mamette,
10.121365,45.627283,Ome,
9.819354,45.871487,Oneta,
10.328362,46.016895,Ono San Pietro,
10.010757,45.891589,Onore,
9.211149,45.373069,Opera,
9.017541,45.596173,Origgio,
8.715629,45.881477,Orino,
9.692654,45.676081,Orio al Serio,
9.554561,45.159867,Orio Litta,
9.42015,45.600676,Ornago,
9.579246,45.989387,Ornica,
9.181741,45.777379,Orsenigo,
9.921564,45.403976,Orzinuovi,
9.963265,45.420577,Orzivecchi,
9.584653,45.629079,Osio Sopra,
9.589053,45.616078,Osio Sotto,
8.659929,45.788874,Osmate,
9.391148,45.675678,Osnago,
9.578661,45.168767,Ospedaletto Lodigiano,
10.079665,45.553981,Ospitaletto,
9.537059,45.245669,Ossago Lodigiano,
10.2166667,45.9333333,Ossimo,
8.89254,45.505369,Ossona,
9.179737,45.969583,Ossuccio,
10.252075,45.220775,Ostiano,
11.137398,45.071179,Ostiglia,
8.829845,45.15386,Ottobiano,
8.923143,45.367366,Ozzero,
10.506376,45.509584,Padenghe sul Garda,
9.445149,45.679879,Paderno d'Adda,
9.163445,45.573073,Paderno Dugnano,
10.080065,45.587882,Paderno Franciacorta,
9.930268,45.238872,Paderno Ponchielli,
9.671157,45.534277,Pagazzano,
9.402741,46.059688,Pagnona,
10.2833333,46.0833333,Paisco Loveno,
10.402272,45.552084,Paitone,
9.605851,45.730681,Paladina,
9.533649,45.752981,Palazzago,
9.569557,45.390073,Palazzo Pignano,
9.89716,45.603681,Palazzolo sull'Oglio,
8.533436,45.301761,Palestro,
9.836459,45.58928,Palosco,
9.050651,45.07456,Pancarana,
9.553456,45.407073,Pandino,
9.353551,45.436772,Pantigliate,
8.94564,45.554971,Parabiago,
9.959561,45.656883,Paratico,
9.008737,45.810878,Pare,
9.34494,46.017886,Parlasco,
8.750841,45.282462,Parona,
9.890855,45.874587,Parre,
10.034061,45.738485,Parzanica,
10.370963,46.030996,Paspardo,
10.066664,45.598682,Passirano,
9.444144,45.951685,Pasturo,
9.397653,45.418672,Paullo,
9.161452,45.184464,Pavia,
10.209073,45.303776,Pavone del Mella,
9.549444,46.08189,Pedesina,
9.734955,45.695982,Pedrengo,
9.294736,46.160389,Peglio,
10.859693,44.992674,Pegognaga,
9.899257,45.799486,Peia,
9.0666667,45.9833333,Pellio Intelvi,
9.362946,45.737579,Perego,
9.29443359375,46.0172904443012,Perledo,
9.087044,45.510171,Pero,
10.105172,45.185872,Persico Dosimo,
10.344168,45.742388,Pertica Alta,
10.372468,45.753389,Pertica Bassa,
10.186474,45.193873,Pescarolo ed Uniti,
9.393945,45.833482,Pescate,
9.3333333,45.4333333,Peschiera Borromeo,
9.38145,45.549375,Pessano con Bornago,
10.248676,45.185474,Pessina Cremonese,
10.235965,45.776288,Pezzaze,
10.368379,45.126573,Piadena,
10.151061,45.843889,Pian Camuno,
10.225262,45.919692,Piancogno,
9.276937,46.102788,Pianello del Lario,
9.694759,45.402174,Pianengo,
10.04306,45.809887,Pianico,
9.42934,46.13419,Piantedo,
9.927255,45.896488,Piario,
9.934951,46.159595,Piateda,
9.674049,45.946687,Piazza Brembana,
9.686948,45.991188,Piazzatorre,
9.670548,45.979788,Piazzolo,
9.610257,45.426174,Pieranica,
9.230356,45.02136,Pietra de' Giorgi,
8.961449,45.11286,Pieve Albignola,
10.123675,45.08957,Pieve d'Olmi,
8.804146,45.049957,Pieve del Cairo,
11.107797,45.033878,Pieve di Coriano,
9.20001983642578,45.3475006229918,Pieve Emanuele,
9.458357,45.263268,Pieve Fissiraga,
9.435759,45.109364,Pieve Porto Morone,
10.186275,45.130272,Pieve San Giacomo,
9.126036,45.956682,Pigra,
9.167254,45.069861,Pinarolo Po,
8.738725,46.100782,Pino sulla Sponda del Lago Maggiore,
9.32435,45.497973,Pioltello,
10.107261,45.810088,Pisogne,
10.534281,45.227777,Piubega,
9.420636,46.329795,Piuro,
9.049952,45.038559,Pizzale,
9.789865,45.18907,Pizzighettone,
9.224537,46.048586,Plesio,
11.118699,44.974876,Poggio Rusco,
9.92605,46.174795,Poggiridenti,
9.000642,45.541271,Pogliano Milanese,
9.157939,45.878481,Pognana Lario,
9.639955,45.586378,Pognano,
10.123964,45.661484,Polaveno,
9.989265,45.431977,Pompiano,
10.601288,44.931371,Pomponesco,
10.176769,45.46098,Poncarale,
9.0833333,45.9833333,Ponna,
10.508662,46.258603,Ponte di Legno,
9.977851,46.174996,Ponte in Valtellina,
9.225441,45.82658,Ponte Lambro,
9.096856,44.852555,Ponte Nizza,
9.883255,45.865687,Ponte Nossa,
9.584852,45.69628,Ponte San Pietro,
9.651752,45.732482,Ponteranica,
10.092471,45.274374,Pontevico,
10.685081,45.412083,Ponti sul Mincio,
9.498649,45.73238,Pontida,
9.569354,45.569177,Pontirolo Nuovo,
9.85346,45.56938,Pontoglio,
9.129835,46.038385,Porlezza,
9.318857,45.097563,Portalbera,
8.899233,45.902679,Porto Ceresio,
10.7666667,45.1833333,Porto Mantovano,
8.681627,45.959278,Porto Valtravaglia,
9.775447,46.174094,Postalesio,
10.050571,45.200272,Pozzaglio ed Uniti,
9.502952,45.572576,Pozzo d'Adda,
10.63298,45.406283,Pozzolengo,
9.456252,45.513975,Pozzuolo Martesana,
9.782255,45.745883,Pradalunga,
10.217574,45.265575,Pralboino,
9.395236,46.307194,Prata Camportaccio,
10.014361,45.680784,Predore,
9.007042,45.51597,Pregnana Milanese,
9.426241,46.051588,Premana,
9.874655,45.870187,Premolo,
10.39677,45.668287,Preseglie,
9.570351,45.69208,Presezzo,
10.308663,45.929593,Prestine,
10.422073,45.551384,Prevalle,
9.4166667,45.9833333,Primaluna,
9.245542,45.82828,Proserpio,
10.044663,45.635383,Provaglio d'Iseo,
10.433971,45.688788,Provaglio Val Sabbia,
10.509775,45.566785,Puegnago sul Garda,
9.869562,45.479277,Pumenengo,
9.281843,45.81388,Pusiano,
11.045796,45.039077,Quingentole,
9.618557,45.420474,Quintano,
10.008568,45.310875,Quinzano d'Oglio,
10.982295,45.005576,Quistello,
9.066334,45.996983,Ramponio Verna,
8.772729,45.915678,Rancio Valcuvia,
8.571427,45.798273,Ranco,
9.713354,45.723282,Ranica,
9.935058,45.788386,Ranzanico,
9.552743,46.10059,Rasura,
9.154653,45.113362,Rea,
9.202255,45.037961,Redavalle,
10.512282,45.166376,Redondesco,
10.371977,45.278377,Remedello,
9.279944,45.724378,Renate,
8.953839,45.616472,Rescaldina,
9.036153,44.949457,Retorbido,
11.131298,45.053478,Revere,
9.249741,45.866781,Rezzago,
10.316671,45.514182,Rezzato,
9.040143,45.530871,Rho,
9.72396,45.405674,Ricengo,
9.728962,45.301872,Ripalta Arpina,
9.692661,45.332472,Ripalta Cremasca,
9.703961,45.306072,Ripalta Guerina,
10.04356,45.776986,Riva di Solto,
9.013053,44.925756,Rivanazzano,
10.469783,45.027972,Rivarolo del Re ed Uniti,
10.433682,45.069973,Rivarolo Mantovano,
9.511454,45.470174,Rivolta d'Adda,
9.436848,45.691479,Robbiate,
8.591137,45.290561,Robbio,
8.766937,45.529269,Robecchetto con Induno,
10.076571,45.259374,Robecco d'Oglio,
9.150154,45.04836,Robecco Pavese,
8.885541,45.439067,Robecco sul Naviglio,
9.253158,44.97136,Rocca de' Giorgi,
9.108955,44.927857,Rocca Susella,
9.914463,45.464377,Roccafranca,
9.353151,45.476073,Rodano,
10.107165,45.599583,Rodengo-Saiano,
8.915234,45.823977,Rodero,
10.624984,45.199577,Rodigo,
10.488573,45.611986,Roe Volciano,
9.274043,45.782379,Rogeno,
9.090248,45.288466,Rognano,
10.132161,45.856589,Rogno,
9.484341,46.13609,Rogolo,
9.329762,44.839457,Romagnese,
9.781662,45.377374,Romanengo,
9.748358,45.524577,Romano di Lombardia,
8.983636,45.832278,Ronago,
10.154067,45.527181,Roncadelle,
9.275453,45.228166,Roncaro,
9.45495,45.602377,Roncello,
9.405348,45.666278,Ronco Briantino,
9.75235,45.955688,Roncobello,
10.939492,45.140579,Roncoferraro,
9.56065,45.768682,Roncola,
8.578938,45.25106,Rosasco,
9.017245,45.352867,Rosate,
9.512247,45.830883,Rota d'Imagna,
9.369546,45.738579,Rovagnate,
10.000063,45.565781,Rovato,
9.05114,45.664474,Rovellasca,
9.04044,45.655074,Rovello Porro,
10.768786,45.26808,Roverbella,
9.345859,45.006961,Rovescala,
9.983457,45.892989,Rovetta,
9.160548,45.381869,Rozzano,
9.887062,45.488578,Rudiano,
9.2741,44.929,Ruino,
10.420571,45.658587,Sabbio Chiese,
10.488484,44.997871,Sabbioneta,
9.166037,45.964183,Sala Comacina,
10.113563,45.703285,Sale Marasino,
9.385155,45.296569,Salerano sul Lambro,
10.530974,45.608587,Salo,
8.920534,45.870378,Saltrio,
9.779662,45.356674,Salvirola,
8.783435,45.625371,Samarate,
9.394037,46.242492,Samolaco,
9.149135,46.083486,San Bartolomeo Val Cavargna,
9.806965,45.242371,San Bassano,
10.931393,45.038176,San Benedetto Po,
9.282956,45.108963,San Cipriano Po,
9.486759,45.184067,San Colombano al Lambro,
9.346559,45.024862,San Damiano al Colle,
10.182276,45.06377,San Daniele Po,
9.27165,45.41807,San Donato Milanese,
9.0666667,45.9666667,San Fedele Intelvi,
10.551675,45.589486,San Felice del Benaco,
9.047438,45.808678,San Fermo della Battaglia,
9.722165,45.136368,San Fiorano,
9.178551,45.234765,San Genesio ed Uniti,
10.148671,45.307376,San Gervasio Bresciano,
11.033097,44.972575,San Giacomo delle Segnate,
9.371235,46.337694,San Giacomo Filippo,
8.790144,45.17486,San Giorgio di Lomellina,
10.87259,45.151978,San Giorgio di Mantova,
8.913739,45.573771,San Giorgio su Legnano,
9.65345,45.873885,San Giovanni Bianco,
10.37518,45.078872,San Giovanni in Croce,
9.291851,45.39427,San Giuliano Milanese,
10.518883,45.097474,San Martino dall'Argine,
10.316879,45.073272,San Martino del Lago,
9.526358,45.274969,San Martino in Strada,
9.135952,45.160963,San Martino Siccomario,
9.127434,46.089386,San Nazzaro Val Cavargna,
10.026767,45.370576,San Paolo,
9.802257,45.688382,San Paolo d'Argon,
9.664551,45.838384,San Pellegrino Terme,
9.697165,45.081966,San Rocco al Porto,
9.26877021789551,46.0656084613869,San Siro,
8.941339,45.585772,San Vittore Olona,
10.218469,45.492581,San Zeno Naviglio,
9.355253,45.327269,San Zenone al Lambro,
9.361758,45.108564,San Zenone al Po,
8.633327,45.875076,Sangiano,
8.906348,45.102259,Sannazzaro de' Burgondi,
9.226052,45.222365,Sant'Alessio con Vialone,
9.408656,45.238067,Sant'Angelo Lodigiano,
8.644439,45.247061,Sant'Angelo Lomellina,
9.536248,45.808383,Sant'Omobono Terme,
9.621147,45.984888,Santa Brigida,
9.399757,45.157565,Santa Cristina e Bissone,
9.183555,45.03396,Santa Giuletta,
9.240561,44.770155,Santa Margherita di Staffora,
9.296158,44.98916,Santa Maria della Versa,
9.374446,45.744279,Santa Maria Hoe,
9.735266,45.118567,Santo Stefano Lodigiano,
8.918141,45.487069,Santo Stefano Ticino,
10.195966,45.661685,Sarezzo,
9.96246,45.673383,Sarnico,
9.034641,45.627873,Saronno,
8.664442,45.114658,Sartirana Lomellina,
10.399663,46.080497,Saviore dell'Adamello,
8.909647,45.12586,Scaldasole,
10.305579,45.049771,Scandolara Ravara,
10.159773,45.221074,Scandolara Ripa d'Oglio,
9.735055,45.710782,Scanzorosciate,
9.102136,45.929782,Schignano,
10.157759,46.008793,Schilpario,
11.072997,44.994976,Schivenoglia,
9.59346,45.232869,Secugnago,
8.968742,45.491469,Sedriano,
9.624051,45.781783,Sedrina,
9.300049,45.494173,Segrate,
10.346862,46.055196,Sellero,
9.751154,45.782084,Selvino,
8.732643,45.137459,Semiana,
9.124544,45.576273,Senago,
10.177973,45.242674,Seniga,
9.11104,45.762977,Senna Comasco,
9.593862,45.151667,Senna Lodigiana,
9.200344,45.652376,Seregno,
9.701659,45.428875,Sergnano,
9.722855,45.683381,Seriate,
9.731252,45.871586,Serina,
10.366071,45.570284,Serle,
11.294002,45.004479,Sermide,
10.205256,46.224199,Sernio,
11.081796,45.066378,Serravalle a Po,
8.64923,45.728772,Sesto Calende,
9.914068,45.17647,Sesto ed Uniti,
9.241747,45.539373,Sesto San Giovanni,
9.387152,45.453572,Settala,
9.05204772949219,45.4822806616395,Settimo Milanese,
9.145943,45.642375,Seveso,
8.94785,45.040358,Silvano Pietra,
10.605179,45.468584,Sirmione,
9.322144,45.77268,Sirone,
9.330845,45.736579,Sirtori,
9.20315,45.314367,Siziano,
10.512675,45.527784,Soiano del Lago,
9.083042,45.614274,Solaro,
10.35628,45.081572,Solarolo Rainerio,
8.933135,45.789676,Solbiate,
8.814334,45.721974,Solbiate Arno,
8.885337,45.651473,Solbiate Olona,
10.566679,45.368581,Solferino,
10.02766,45.783486,Solto Collina,
9.49075,45.678679,Solza,
9.633463,45.149467,Somaglia,
8.708733,45.682972,Somma Lombardo,
9.086551,45.133162,Sommo,
9.869763,45.400076,Soncino,
10.324756,46.330103,Sondalo,
9.869149,46.168995,Sondrio,
9.989557,45.879488,Songavazzo,
10.35286,46.165499,Sonico,
9.363853,45.342169,Sordio,
9.856965,45.286473,Soresina,
9.384038,46.17259,Sorico,
9.655052,45.736282,Sorisole,
9.248741,45.877782,Sormano,
10.157675,45.108571,Sospiro,
9.50345,45.70568,Sotto il Monte Giovanni XXIII,
10.028459,45.814287,Sovere,
9.2666667,45.65,Sovico,
9.348557,45.113564,Spessa,
9.926369,45.14917,Spinadesco,
10.514884,45.060073,Spineda,
9.492255,45.398872,Spino d'Adda,
9.924158,45.767485,Spinone al Lago,
9.668856,45.582078,Spirano,
9.864248,46.220296,Spriana,
10.087974,45.07327,Stagno Lombardo,
9.275236,46.138788,Stazzona,
9.649254,45.65068,Stezzano,
9.300757,45.073062,Stradella,
9.57745,45.773082,Strozza,
8.742945,45.034656,Suardi,
9.333739,46.085788,Sueglio,
9.311543,45.816781,Suello,
9.50225,45.657078,Suisio,
9.426049,45.635277,Sulbiate,
10.100963,45.690385,Sulzano,
8.781633,45.737674,Sumirago,
11.018095,45.069878,Sustinente,
10.74309,44.991873,Suzzara,
9.36394,46.024486,Taceno,
8.619729,45.765873,Taino,
9.612944,46.138492,Talamona,
9.564847,45.893385,Taleggio,
9.678646,46.105891,Tartano,
9.4,45.3333333,Tavazzano con Villavesco,
9.14054,45.800679,Tavernerio,
10.046262,45.709385,Tavernola Bergamasca,
10.240565,45.746987,Tavernole sul Mella,
10.064753,46.172797,Teglio,
9.851659,45.628881,Telgate,
10.467961,46.248702,Temu,
8.69233,45.781674,Ternate,
9.530951,45.685479,Terno d'Isola,
9.661862,45.215269,Terranova dei Passerini,
9.827663,45.369274,Ticengo,
10.722476,45.740392,Tignale,
10.167855,46.215399,Tirano,
10.115467,45.512581,Torbole Casaglia,
9.594757,45.417473,Torlino Vimercati,
10.430781,45.104373,Tornata,
9.115838,45.85488,Torno,
9.083554,44.976958,Torrazza Coste,
8.670943,45.059956,Torre Beretti e Castellaro,
9.710154,45.714182,Torre Boldone,
9.317354,45.242767,Torre d'Arese,
9.076149,45.217464,Torre d'Isola,
9.480248,45.774081,Torre de' Busi,
9.334556,45.149665,Torre de' Negri,
10.286877,45.143573,Torre de' Picenardi,
9.763256,45.697182,Torre de' Roveri,
9.851547,46.233596,Torre di Santa Maria,
9.877063,45.446377,Torre Pallavicina,
9.296353,45.281967,Torrevecchia Pia,
10.29598,45.01897,Torricella del Pizzo,
9.173555,45.01996,Torricella Verzate,
10.608376,45.634488,Toscolano-Maderno,
10.248556,46.2461,Tovo di Sant'Agata,
8.907636,45.710974,Tradate,
9.532242,46.150191,Traona,
9.159652,45.149063,Travaco Siccomario,
10.080466,45.51908,Travagliato,
8.671429,45.804274,Travedona-Monate,
9.36614,46.076488,Tremenico,
9.218538,45.983484,Tremezzo,
10.757776,45.771493,Tremosine,
10.010665,45.477279,Trenzano,
9.842557,45.696483,Trescore Balneario,
9.624958,45.401573,Trescore Cremasco,
9.942551,46.175695,Tresivio,
9.589455,45.523776,Treviglio,
9.611953,45.67368,Treviolo,
10.461371,45.712889,Treviso Bresciano,
9.486652,45.582777,Trezzano Rosa,
9.066445,45.423069,Trezzano sul Naviglio,
9.519952,45.602977,Trezzo sull'Adda,
9.351837,46.17159,Trezzone,
9.378952,45.413371,Tribiano,
9.814863,45.329973,Trigolo,
9.269345,45.662676,Triuggio,
9.042748,45.258464,Trivolzio,
8.869545,45.210362,Tromello,
8.734325,46.090282,Tronzano Lago Maggiore,
9.035447,45.282965,Trovo,
9.468553,45.483874,Truccazzano,
9.621461,45.24887,Turano Lodigiano,
9.00424,45.657274,Turate,
8.741836,45.531368,Turbigo,
9.619351,45.783683,Ubiale Clanezzo,
9.00394,45.615273,Uboldo,
8.959635,45.823378,Uggiate-Trevano,
9.869661,45.515978,Urago d'Oglio,
9.693756,45.600579,Urgnano,
9.362448,45.647977,Usmate Velate,
9.587158,45.371972,Vaiano Cremasco,
9.603056,45.463375,Vailate,
9.167457,44.879057,Val di Nizza,
9.638043,46.215194,Val Masino,
9.111834,46.072685,Val Rezzo,
10.005855,46.034193,Valbondione,
9.609052,45.718581,Valbrembo,
9.298842,45.877382,Valbrona,
10.356955,46.434406,Valdisotto,
8.859946,45.15066,Valeggio,
9.336154,45.257167,Valera Fratta,
10.417356,46.461607,Valfurva,
8.823331,45.902278,Valganna,
9.913554,45.97489,Valgoglio,
9.413446,45.779281,Valgreghentino,
10.2833333,46.4833333,Valle di Dentro,
8.668542,45.153058,Valle Lomellina,
9.234454,45.171964,Valle Salimbene,
9.743749,46.02819,Valleve,
10.4,45.6,Vallio,
9.358244,45.846282,Valmadrera,
8.9333333,45.8166667,Valmorea,
9.689349,45.949087,Valnegra,
10.3666667,46.0833333,Valsaviore,
9.495347,45.827283,Valsecca,
9.05462265014648,46.0248596813497,Valsolda,
9.534945,45.977787,Valtorta,
9.234359,44.868657,Valverde,
10.595473,45.760691,Valvestino,
8.781036,45.57917,Vanzaghello,
8.994042,45.526971,Vanzago,
9.524752,45.577777,Vaprio d'Adda,
8.704031,45.774074,Varano Borghi,
9.156744,45.597974,Varedo,
9.283639,46.010885,Varenna,
8.821932,45.829076,Varese,
9.195259,44.823455,Varzi,
9.267846,45.608775,Vedano al Lambro,
8.885835,45.775976,Vedano Olona,
8.798727,46.070582,Veddasca,
9.542747,45.889585,Vedeseta,
9.270244,45.733878,Veduggio con Colzano,
9.182139,45.908382,Veleso,
8.737243,45.163359,Velezzo Lomellina,
9.099249,45.270665,Vellezzo Bellini,
9.32944,46.034386,Vendrogno,
8.896936,45.736875,Venegono Inferiore,
8.896735,45.754175,Venegono Superiore,
8.989738,45.719375,Veniano,
9.224544,45.688677,Verano Brianza,
9.335137,46.159489,Vercana,
9.454739,46.198692,Verceia,
9.424146,45.810482,Vercurago,
9.608054,45.601078,Verdellino,
9.628954,45.604778,Verdello,
9.433449,45.665578,Verderio Inferiore,
9.440349,45.667778,Verderio Superiore,
8.696132,45.722173,Vergiate,
8.979044,45.396267,Vermezzo,
9.060447,45.316366,Vernate,
10.075869,45.328176,Verolanuova,
10.057169,45.327075,Verolavecchia,
9.113153,45.03976,Verretto,
9.175353,45.106862,Verrua Po,
9.07294,45.724376,Vertemate con Minoprio,
9.853255,45.810386,Vertova,
10.239356,46.254,Vervio,
10.164574,45.175073,Vescovato,
10.39987,45.708888,Vestone,
9.324838,46.083287,Vestreno,
10.39706,46.238001,Vezza d'Oglio,
10.5333333,44.9333333,Viadana,
9.96146,45.684683,Viadanica,
9.236651,45.292267,Vidigulfo,
9.324945,45.724679,Vigano,
9.896158,45.726084,Vigano San Martino,
8.861143,45.311664,Vigevano,
8.910433,45.871678,Viggiu,
9.376651,45.496573,Vignate,
10.024761,45.716385,Vigolo,
8.787145,45.090658,Villa Biscossi,
10.1833333,45.6333333,Villa Carcina,
8.887739,45.567871,Villa Cortese,
9.461649,45.71398,Villa d'Adda,
9.614451,45.749682,Villa d'Alme,
9.930855,45.904689,Villa d'Ogna,
9.481137,46.330695,Villa di Chiavenna,
9.736154,45.724182,Villa di Serio,
10.133854,46.203898,Villa di Tirano,
9.026638,45.776477,Villa Guardia,
11.114498,45.002377,Villa Poma,
9.930966,45.355375,Villachiara,
9.042349,45.171662,Villanova d'Ardenghi,
9.481858,45.237968,Villanova del Sillaro,
9.364356,45.219467,Villanterio,
10.452773,45.600186,Villanuova sul Clisi,
9.310347,45.607976,Villasanta,
9.92976,45.667883,Villongo,
10.093757,45.998192,Vilminore di Scalve,
9.367048,45.611876,Vimercate,
9.285648,45.515373,Vimodrone,
10.447161,46.248402,Vione,
10.790489,45.119477,Virgilio,
10.372376,45.318378,Visano,
9.308254,45.210766,Vistarino,
8.952442,45.487969,Vittuone,
8.6865,45.6317,Vizzola Ticino,
9.348153,45.35587,Vizzolo Predabissi,
10.503473,45.640087,Vobarno,
9.001552,44.989258,Voghera,
10.301376,45.211875,Volongo,
9.296859,44.953059,Volpara,
10.658482,45.318681,Volta Mantovana,
10.332979,45.111973,Voltido,
9.853358,45.687882,Zandobbio,
9.685655,45.64088,Zanica,
9.26516,44.867457,Zavattarello,
9.201151,45.257866,Zeccone,
9.180539,45.904582,Zelbio,
9.432653,45.412472,Zelo Buon Persico,
8.985044,45.387667,Zelo Surrigone,
8.668341,45.19726,Zeme,
9.325658,45.054262,Zenevredo,
9.396058,45.110464,Zerbo,
9.012948,45.207163,Zerbolo,
9.119047,45.368168,Zibido San Giacomo,
9.02975,45.128361,Zinasco,
9.656151,45.791883,Zogno,
10.115862,45.763387,Zone,
